path,type
01_START_HERE/LIBRARY_MAP.txt,file
01_START_HERE/NAMING_RULES.txt,file
01_START_HERE/README.txt,file
02_DEMOS_FULL_MIXES/RiverTemple_102bpm_FullMix.wav,file
02_DEMOS_FULL_MIXES/SummonerCourt_94bpm_FullMix.wav,file
02_DEMOS_FULL_MIXES/_render_demos.py,file
03_DEMOS_STEMS_RIVERTEMPLE/RiverTemple_102bpm_Bass.wav,file
03_DEMOS_STEMS_RIVERTEMPLE/RiverTemple_102bpm_Doum.wav,file
03_DEMOS_STEMS_RIVERTEMPLE/RiverTemple_102bpm_Drone.wav,file
03_DEMOS_STEMS_RIVERTEMPLE/RiverTemple_102bpm_FX.wav,file
03_DEMOS_STEMS_RIVERTEMPLE/RiverTemple_102bpm_Ney.wav,file
03_DEMOS_STEMS_RIVERTEMPLE/RiverTemple_102bpm_Oud.wav,file
03_DEMOS_STEMS_RIVERTEMPLE/RiverTemple_102bpm_Qanun.wav,file
03_DEMOS_STEMS_RIVERTEMPLE/RiverTemple_102bpm_Riq.wav,file
03_DEMOS_STEMS_RIVERTEMPLE/RiverTemple_102bpm_Tek.wav,file
03_DEMOS_STEMS_RIVERTEMPLE/_stem_notes.txt,file
04_DEMOS_STEMS_SUMMONERCOURT/SummonerCourt_94bpm_Bass.wav,file
04_DEMOS_STEMS_SUMMONERCOURT/SummonerCourt_94bpm_Doum.wav,file
04_DEMOS_STEMS_SUMMONERCOURT/SummonerCourt_94bpm_Drone.wav,file
04_DEMOS_STEMS_SUMMONERCOURT/SummonerCourt_94bpm_FX.wav,file
04_DEMOS_STEMS_SUMMONERCOURT/SummonerCourt_94bpm_Ney.wav,file
04_DEMOS_STEMS_SUMMONERCOURT/SummonerCourt_94bpm_Oud.wav,file
04_DEMOS_STEMS_SUMMONERCOURT/SummonerCourt_94bpm_Qanun.wav,file
04_DEMOS_STEMS_SUMMONERCOURT/SummonerCourt_94bpm_Riq.wav,file
04_DEMOS_STEMS_SUMMONERCOURT/SummonerCourt_94bpm_Tek.wav,file
04_DEMOS_STEMS_SUMMONERCOURT/_stem_notes.txt,file
05_DRUMS_DARBUKA_DOUM/Pharaoh_Darbuka_Doum_01.wav,file
05_DRUMS_DARBUKA_DOUM/Pharaoh_Darbuka_Doum_02.wav,file
05_DRUMS_DARBUKA_DOUM/Pharaoh_Darbuka_Doum_03.wav,file
05_DRUMS_DARBUKA_DOUM/_generate_doum.py,file
06_DRUMS_DARBUKA_TEK/Pharaoh_Darbuka_Tek_01.wav,file
06_DRUMS_DARBUKA_TEK/Pharaoh_Darbuka_Tek_02.wav,file
06_DRUMS_DARBUKA_TEK/Pharaoh_Darbuka_Tek_03.wav,file
06_DRUMS_DARBUKA_TEK/_generate_tek.py,file
07_DRUMS_RIQ/Pharaoh_Riq_01.wav,file
07_DRUMS_RIQ/Pharaoh_Riq_02.wav,file
07_DRUMS_RIQ/Pharaoh_Riq_03.wav,file
07_DRUMS_RIQ/_generate_riq.py,file
08_DRUMS_FRAME_DRUM/Pharaoh_FrameDrum_01.wav,file
08_DRUMS_FRAME_DRUM/Pharaoh_FrameDrum_02.wav,file
08_DRUMS_FRAME_DRUM/Pharaoh_FrameDrum_03.wav,file
08_DRUMS_FRAME_DRUM/_generate_frame_drum.py,file
09_OUD_SINGLE_NOTES/Pharaoh_Oud_A3.wav,file
09_OUD_SINGLE_NOTES/Pharaoh_Oud_A4.wav,file
09_OUD_SINGLE_NOTES/Pharaoh_Oud_Bb3.wav,file
09_OUD_SINGLE_NOTES/Pharaoh_Oud_Bb4.wav,file
09_OUD_SINGLE_NOTES/Pharaoh_Oud_C4.wav,file
09_OUD_SINGLE_NOTES/Pharaoh_Oud_C5.wav,file
09_OUD_SINGLE_NOTES/Pharaoh_Oud_D3.wav,file
09_OUD_SINGLE_NOTES/Pharaoh_Oud_D4.wav,file
09_OUD_SINGLE_NOTES/Pharaoh_Oud_D5.wav,file
09_OUD_SINGLE_NOTES/Pharaoh_Oud_Eb3.wav,file
09_OUD_SINGLE_NOTES/Pharaoh_Oud_Eb4.wav,file
09_OUD_SINGLE_NOTES/Pharaoh_Oud_F#3.wav,file
09_OUD_SINGLE_NOTES/Pharaoh_Oud_F#4.wav,file
09_OUD_SINGLE_NOTES/Pharaoh_Oud_G3.wav,file
09_OUD_SINGLE_NOTES/Pharaoh_Oud_G4.wav,file
09_OUD_SINGLE_NOTES/_generate_oud_notes.py,file
10_QANUN_SINGLE_NOTES/Pharaoh_Qanun_A3.wav,file
10_QANUN_SINGLE_NOTES/Pharaoh_Qanun_A4.wav,file
10_QANUN_SINGLE_NOTES/Pharaoh_Qanun_Bb3.wav,file
10_QANUN_SINGLE_NOTES/Pharaoh_Qanun_Bb4.wav,file
10_QANUN_SINGLE_NOTES/Pharaoh_Qanun_C4.wav,file
10_QANUN_SINGLE_NOTES/Pharaoh_Qanun_C5.wav,file
10_QANUN_SINGLE_NOTES/Pharaoh_Qanun_D3.wav,file
10_QANUN_SINGLE_NOTES/Pharaoh_Qanun_D4.wav,file
10_QANUN_SINGLE_NOTES/Pharaoh_Qanun_D5.wav,file
10_QANUN_SINGLE_NOTES/Pharaoh_Qanun_Eb3.wav,file
10_QANUN_SINGLE_NOTES/Pharaoh_Qanun_Eb4.wav,file
10_QANUN_SINGLE_NOTES/Pharaoh_Qanun_F#3.wav,file
10_QANUN_SINGLE_NOTES/Pharaoh_Qanun_F#4.wav,file
10_QANUN_SINGLE_NOTES/Pharaoh_Qanun_G3.wav,file
10_QANUN_SINGLE_NOTES/Pharaoh_Qanun_G4.wav,file
10_QANUN_SINGLE_NOTES/_generate_qanun_notes.py,file
11_NEY_SINGLE_NOTES/Pharaoh_Ney_A3.wav,file
11_NEY_SINGLE_NOTES/Pharaoh_Ney_A4.wav,file
11_NEY_SINGLE_NOTES/Pharaoh_Ney_Bb3.wav,file
11_NEY_SINGLE_NOTES/Pharaoh_Ney_Bb4.wav,file
11_NEY_SINGLE_NOTES/Pharaoh_Ney_C4.wav,file
11_NEY_SINGLE_NOTES/Pharaoh_Ney_C5.wav,file
11_NEY_SINGLE_NOTES/Pharaoh_Ney_D3.wav,file
11_NEY_SINGLE_NOTES/Pharaoh_Ney_D4.wav,file
11_NEY_SINGLE_NOTES/Pharaoh_Ney_D5.wav,file
11_NEY_SINGLE_NOTES/Pharaoh_Ney_Eb3.wav,file
11_NEY_SINGLE_NOTES/Pharaoh_Ney_Eb4.wav,file
11_NEY_SINGLE_NOTES/Pharaoh_Ney_F#3.wav,file
11_NEY_SINGLE_NOTES/Pharaoh_Ney_F#4.wav,file
11_NEY_SINGLE_NOTES/Pharaoh_Ney_G3.wav,file
11_NEY_SINGLE_NOTES/Pharaoh_Ney_G4.wav,file
11_NEY_SINGLE_NOTES/_generate_ney_notes.py,file
12_BASS_SINGLE_NOTES/Pharaoh_Bass_A2.wav,file
12_BASS_SINGLE_NOTES/Pharaoh_Bass_Bb2.wav,file
12_BASS_SINGLE_NOTES/Pharaoh_Bass_C3.wav,file
12_BASS_SINGLE_NOTES/Pharaoh_Bass_D2.wav,file
12_BASS_SINGLE_NOTES/Pharaoh_Bass_D3.wav,file
12_BASS_SINGLE_NOTES/Pharaoh_Bass_Eb2.wav,file
12_BASS_SINGLE_NOTES/Pharaoh_Bass_F#2.wav,file
12_BASS_SINGLE_NOTES/Pharaoh_Bass_G2.wav,file
12_BASS_SINGLE_NOTES/_generate_bass_notes.py,file
13_DRONES/Pharaoh_Drone_A2.wav,file
13_DRONES/Pharaoh_Drone_D2.wav,file
13_DRONES/Pharaoh_Drone_D3.wav,file
13_DRONES/Pharaoh_Drone_G2.wav,file
13_DRONES/_generate_drones.py,file
14_PADS/Pharaoh_Pad_A2.wav,file
14_PADS/Pharaoh_Pad_D2.wav,file
14_PADS/Pharaoh_Pad_D3.wav,file
14_PADS/Pharaoh_Pad_G2.wav,file
14_PADS/_generate_pads.py,file
15_FX_AND_TRANSITIONS/Pharaoh_DustSwirl_01.wav,file
15_FX_AND_TRANSITIONS/Pharaoh_NeyGhost_01.wav,file
15_FX_AND_TRANSITIONS/Pharaoh_PalaceShimmer_01.wav,file
15_FX_AND_TRANSITIONS/Pharaoh_SandRise_01.wav,file
15_FX_AND_TRANSITIONS/Pharaoh_SilkBurst_01.wav,file
15_FX_AND_TRANSITIONS/_generate_fx.py,file
16_OUD_PHRASES/Pharaoh_OudPhrase_01.wav,file
16_OUD_PHRASES/Pharaoh_OudPhrase_02.wav,file
16_OUD_PHRASES/_generate_oud_phrases.py,file
17_NEY_PHRASES/Pharaoh_NeyPhrase_01.wav,file
17_NEY_PHRASES/Pharaoh_NeyPhrase_02.wav,file
17_NEY_PHRASES/_generate_ney_phrases.py,file
18_STARTER_TEXTURES/STARTER_DesertAir.wav,file
18_STARTER_TEXTURES/STARTER_Drone_D2.wav,file
18_STARTER_TEXTURES/STARTER_Pad_A2.wav,file
18_STARTER_TEXTURES/STARTER_PalaceMist.wav,file
18_STARTER_TEXTURES/_generate_starter_textures.py,file
19_SCALE_AND_TEMPLATES/Pharaoh_Empty_102bpm_DemoArrangement.txt,file
19_SCALE_AND_TEMPLATES/Pharaoh_Scale_Guide.txt,file
19_SCALE_AND_TEMPLATES/Pharaoh_Suggested_Layering.txt,file
19_SCALE_AND_TEMPLATES/_construction_notes.py,file